Tweet,Sentiment
Opini gue kontra sama om ded. makan siang gratis itu gak gratis tapi pake apbn. anak-anak indonesia harusnya dibiasakan unt…,Neutral
Opini gue kontra sama om ded. makan siang gratis itu gak gratis tapi pake apbn. anak-anak indonesia harusnya dibiasakan unt…,Neutral
Opini gue kontra sama om ded. makan siang gratis itu gak gratis tapi pake apbn. anak-anak indonesia harusnya dibiasakan unt…,Neutral
Opini gue kontra sama om ded. makan siang gratis itu gak gratis tapi pake apbn. anak-anak indonesia harusnya dibiasakan unt…,Neutral
Opini gue kontra sama om ded. makan siang gratis itu gak gratis tapi pake apbn. anak-anak indonesia harusnya dibiasakan unt…,Neutral
Opini gue kontra sama om ded. makan siang gratis itu gak gratis tapi pake apbn. anak-anak indonesia harusnya dibiasakan unt…,Neutral
Opini gue kontra sama om ded. makan siang gratis itu gak gratis tapi pake apbn. anak-anak indonesia harusnya dibiasakan unt…,Neutral
Opini gue kontra sama om ded. makan siang gratis itu gak gratis tapi pake apbn. anak-anak indonesia harusnya dibiasakan unt…,Neutral
Opini gue kontra sama om ded. makan siang gratis itu gak gratis tapi pake apbn. anak-anak indonesia harusnya dibiasakan unt…,Neutral
Opini gue kontra sama om ded. makan siang gratis itu gak gratis tapi pake apbn. anak-anak indonesia harusnya dibiasakan unt…,Neutral
